53.40;25.00;25.40;26.55
53.40;25.00;25.40;26.57
53.40;25.00;25.40;26.57
53.40;25.00;25.40;26.57
53.40;25.00;25.40;26.59
53.40;25.00;25.40;26.59
53.40;25.10;25.40;26.61
53.40;25.10;25.40;26.61
53.40;25.10;25.40;26.65
53.40;25.10;25.40;26.63
53.40;25.00;25.40;26.63
53.40;25.10;25.40;26.63
53.50;25.10;25.40;26.65
53.40;25.10;25.40;26.65
53.40;25.10;25.50;26.67
53.40;25.10;25.50;26.69
53.40;25.10;25.50;26.67
53.40;25.10;25.50;26.69
53.40;25.10;25.50;26.69
53.40;25.10;25.50;26.69
53.30;25.10;25.50;26.71
53.40;25.10;25.50;26.69
53.40;25.20;25.50;26.73
53.30;25.10;25.50;26.73
53.40;25.20;25.50;26.71
53.30;25.10;25.50;26.77
53.40;25.20;25.50;26.73
53.40;25.20;25.50;26.77
53.40;25.20;25.50;26.77
53.40;25.20;25.50;26.79
53.40;25.20;25.60;26.77
53.40;25.20;25.60;26.79
53.40;25.20;25.60;26.79
53.40;25.20;25.60;26.81
53.40;25.20;25.60;26.81
53.40;25.20;25.60;26.81
53.40;25.20;25.60;26.81
53.20;25.20;25.60;26.83
53.20;25.20;25.60;26.83
53.10;25.20;25.60;26.85
53.10;25.20;25.60;26.85
53.10;25.20;25.60;26.85
53.20;25.30;25.60;26.85
53.20;25.20;25.60;26.87
53.30;25.30;25.60;26.87
53.30;25.30;25.60;26.91
53.30;25.30;25.60;26.89
53.30;25.30;25.60;26.87
53.30;25.30;25.60;26.91
53.30;25.30;25.60;26.91
53.30;25.30;25.70;26.91
53.30;25.30;25.70;26.91
53.30;25.30;25.70;26.95
53.30;25.30;25.70;26.91
53.40;25.30;25.70;26.93
53.40;25.30;25.70;26.95
53.30;25.30;25.70;26.95
53.40;25.30;25.70;26.95
53.30;25.30;25.70;26.95
53.40;25.40;25.70;26.99
53.30;25.30;25.70;26.99
53.30;25.30;25.70;26.99
53.40;25.40;25.70;26.99
53.30;25.30;25.70;27.05
53.30;25.30;25.80;26.99
53.40;25.40;25.80;27.03
53.30;25.40;25.80;27.03
53.30;25.40;25.80;27.05
53.30;25.40;25.80;27.07
53.40;25.40;25.80;27.07
53.30;25.40;25.80;27.05
53.30;25.40;25.80;27.07
53.30;25.40;25.80;27.05
53.40;25.40;25.80;27.07
53.40;25.40;25.80;27.11
53.40;25.40;25.80;27.09
53.50;25.50;25.80;27.09
53.40;25.40;25.80;27.11
53.40;25.40;25.80;27.11
53.50;25.50;25.80;27.11
53.50;25.50;25.80;27.15
53.50;25.50;25.80;27.15
53.40;25.50;25.80;27.11
53.40;25.50;25.90;27.15
53.40;25.50;25.80;27.17
53.30;25.50;25.80;27.15
53.30;25.50;25.90;27.17
53.30;25.50;25.90;27.17
53.30;25.50;25.90;27.19
53.30;25.50;25.90;27.17
53.30;25.50;25.90;27.21
53.30;25.50;25.90;27.21
53.30;25.50;25.90;27.21
53.30;25.50;25.90;27.23
53.30;25.50;25.90;27.21
53.30;25.50;25.90;27.21
53.30;25.50;25.90;27.23
53.30;25.50;25.90;27.23
53.40;25.60;25.90;27.21
53.30;25.50;25.90;27.25
53.30;25.50;25.90;27.27
53.30;25.50;26.00;27.27
53.20;25.50;26.00;27.27
53.30;25.60;26.00;27.27
53.30;25.60;26.00;27.27
53.30;25.60;26.00;27.27
53.30;25.60;26.00;27.29
53.30;25.60;26.00;27.27
53.30;25.60;26.00;27.29
53.30;25.60;26.00;27.31
53.30;25.60;26.00;27.31
53.30;25.60;26.00;27.31
53.30;25.60;26.00;27.31
53.30;25.60;26.00;27.31
53.30;25.60;26.00;27.31
53.30;25.60;26.00;27.31
53.40;25.60;26.00;27.35
53.40;25.60;26.00;27.33
53.40;25.60;26.00;27.31
53.30;25.60;26.10;27.33
53.30;25.60;26.00;27.33
53.30;25.60;26.10;27.39
53.20;25.60;26.10;27.39
53.20;25.60;26.10;27.39
53.20;25.60;26.10;27.35
53.20;25.60;26.10;27.41
53.30;25.70;26.10;27.41
53.30;25.70;26.10;27.41
53.30;25.70;26.10;27.41
53.30;25.70;26.10;27.39
53.30;25.70;26.10;27.43
53.30;25.70;26.10;27.43
53.30;25.70;26.10;27.43
53.30;25.70;26.10;27.43
53.30;25.70;26.10;27.43
53.30;25.70;26.20;27.45
53.30;25.70;26.20;27.45
53.30;25.70;26.20;27.43
53.30;25.70;26.20;27.45
53.30;25.70;26.20;27.47
53.30;25.70;26.20;27.49
53.30;25.70;26.20;27.49
53.20;25.70;26.20;27.47
53.20;25.70;26.20;27.49
53.30;25.80;26.20;27.51
53.30;25.80;26.20;27.49
53.30;25.80;26.20;27.49
53.30;25.80;26.20;27.47
53.20;25.80;26.20;27.53
53.30;25.80;26.20;27.51
53.30;25.80;26.20;27.53
53.20;25.80;26.20;27.53
53.30;25.80;26.20;27.55
53.30;25.80;26.20;27.55
53.30;25.80;26.20;27.51
53.30;25.80;26.30;27.55
53.30;25.80;26.30;27.55
53.30;25.80;26.30;27.55
53.30;25.80;26.30;27.55
53.30;25.80;26.30;27.53
53.30;25.80;26.30;27.57
53.20;25.80;26.30;27.55
53.30;25.80;26.30;27.57
53.20;25.80;26.30;27.57
53.30;25.80;26.30;27.61
53.20;25.80;26.30;27.57
53.20;25.80;26.30;27.57
53.30;25.90;26.30;27.61
53.20;25.80;26.30;27.61
53.30;25.90;26.30;27.63
53.30;25.90;26.30;27.65
53.30;25.90;26.30;27.63
53.20;25.90;26.30;27.63
53.30;25.90;26.30;27.63
53.20;25.90;26.30;27.63
53.20;25.90;26.40;27.65
53.20;25.90;26.40;27.65
53.10;25.90;26.40;27.65
53.20;25.90;26.40;27.63
53.20;25.90;26.40;27.63
53.20;25.90;26.40;27.67
53.20;25.90;26.40;27.67
53.20;25.90;26.40;27.65
53.10;25.90;26.40;27.67
53.10;25.90;26.40;27.67
53.10;25.90;26.40;27.67
53.10;25.90;26.40;27.67
53.10;25.90;26.40;27.69
53.10;25.90;26.40;27.71
53.20;25.90;26.40;27.71
53.20;25.90;26.40;27.71
53.20;25.90;26.40;27.71
53.30;26.00;26.40;27.75
53.10;25.90;26.40;27.71
53.10;25.90;26.40;27.71
53.20;26.00;26.40;27.73
53.20;26.00;26.50;27.73
53.20;26.00;26.50;27.73
53.20;26.00;26.50;27.77
53.10;26.00;26.50;27.75
53.10;26.00;26.50;27.73
53.20;26.00;26.50;27.75
53.20;26.00;26.50;27.77
53.20;26.00;26.50;27.77
53.20;26.00;26.50;27.77
53.10;26.00;26.50;27.77
53.10;26.00;26.50;27.75
53.10;26.00;26.50;27.77
53.10;26.00;26.50;27.77
53.20;26.00;26.50;27.79
53.10;26.00;26.50;27.81
53.10;26.00;26.50;27.79
53.10;26.00;26.50;27.79
53.10;26.00;26.50;27.79
53.10;26.10;26.50;27.81
53.10;26.10;26.50;27.81
53.10;26.10;26.50;27.81
53.20;26.10;26.50;27.81
53.20;26.10;26.60;27.87
53.10;26.10;26.60;27.81
53.10;26.10;26.50;27.81
53.10;26.10;26.60;27.87
53.10;26.10;26.50;27.81
53.10;26.10;26.60;27.87
53.10;26.10;26.60;27.87
53.10;26.10;26.60;27.85
53.10;26.10;26.60;27.85
53.10;26.10;26.60;27.89
53.10;26.10;26.60;27.87
53.00;26.10;26.60;27.87
53.00;26.10;26.60;27.89
53.00;26.10;26.60;27.89
53.10;26.10;26.60;27.91
53.10;26.10;26.60;27.91
53.10;26.10;26.60;27.91
53.10;26.10;26.60;27.93
53.10;26.10;26.60;27.93
53.10;26.10;26.60;27.91
53.00;26.10;26.60;27.91
53.10;26.10;26.60;27.91
53.10;26.10;26.60;27.91
53.10;26.10;26.70;27.95
53.10;26.20;26.70;27.93
53.10;26.20;26.70;27.93
53.10;26.20;26.70;27.93
53.10;26.20;26.70;27.95
53.20;26.20;26.70;27.95
53.10;26.20;26.70;27.95
53.10;26.20;26.70;27.95
53.00;26.20;26.70;27.97
53.00;26.20;26.70;27.99
53.00;26.20;26.70;27.95
53.00;26.20;26.70;27.99
53.00;26.20;26.70;27.97
53.00;26.20;26.70;28.01
53.00;26.20;26.70;27.99
53.00;26.20;26.70;27.99
53.00;26.20;26.70;27.99
53.00;26.20;26.70;28.03
53.00;26.20;26.70;27.99
52.90;26.20;26.70;28.01
52.90;26.20;26.70;27.99
52.90;26.20;26.70;28.01
52.90;26.20;26.70;28.01
52.90;26.20;26.70;28.03
53.00;26.30;26.80;28.03
53.00;26.30;26.80;28.05
53.10;26.30;26.80;28.03
53.10;26.30;26.80;28.05
53.10;26.30;26.80;28.03
53.00;26.30;26.80;28.03
52.90;26.20;26.80;28.05
52.90;26.30;26.80;28.05
52.90;26.30;26.80;28.09
52.80;26.30;26.80;28.09
52.80;26.30;26.80;28.05
52.80;26.30;26.80;28.09
52.80;26.30;26.80;28.09
52.80;26.30;26.80;28.09
52.80;26.30;26.80;28.09
52.80;26.30;26.80;28.09
52.80;26.30;26.80;28.11
52.70;26.30;26.80;28.05
52.60;26.30;26.80;28.13
52.60;26.30;26.80;28.13
52.60;26.30;26.80;28.11
52.70;26.30;26.80;28.11
52.70;26.30;26.80;28.13
52.70;26.30;26.80;28.13
52.80;26.30;26.90;28.13
52.80;26.30;26.90;28.11
52.80;26.30;26.90;28.13
52.70;26.30;26.90;28.13
52.80;26.30;26.90;28.17
52.90;26.40;26.90;28.15
52.90;26.30;26.90;28.15
52.80;26.30;26.90;28.17
52.90;26.40;26.90;28.15
52.90;26.30;26.90;28.15
53.00;26.40;26.90;28.17
53.00;26.40;26.90;28.19
52.90;26.40;26.90;28.19
52.90;26.40;26.90;28.19
52.80;26.40;26.90;28.17
52.80;26.40;26.90;28.19
52.80;26.40;26.90;28.19
52.80;26.40;26.90;28.19
52.70;26.40;26.90;28.19
52.70;26.40;26.90;28.19
52.70;26.40;26.90;28.21
52.70;26.40;26.90;28.19
52.70;26.40;26.90;28.21
52.70;26.40;26.90;28.19
52.80;26.40;26.90;28.21
52.80;26.40;26.90;28.21
52.80;26.40;26.90;28.21
52.80;26.40;27.00;28.19
52.80;26.40;26.90;28.23
52.80;26.40;27.00;28.21
52.80;26.50;27.00;28.21
52.70;26.40;27.00;28.25
52.80;26.40;27.00;28.23
52.90;26.50;27.00;28.23
52.90;26.40;27.00;28.23
52.90;26.50;27.00;28.25
52.80;26.50;27.00;28.25
52.90;26.50;27.00;28.25
52.90;26.50;27.00;28.25
52.80;26.50;27.00;28.27
52.70;26.50;27.00;28.27
52.70;26.50;27.00;28.25
52.70;26.50;27.00;28.27
52.80;26.50;27.00;28.27
52.70;26.50;27.00;28.27
52.70;26.50;27.00;28.27
52.70;26.50;27.00;28.27
52.70;26.50;27.00;28.29
52.70;26.50;27.10;28.27
52.70;26.50;27.00;28.33
52.70;26.50;27.00;28.29
52.70;26.50;27.10;28.29
52.70;26.50;27.10;28.33
52.70;26.50;27.10;28.29
52.70;26.50;27.10;28.33
52.70;26.50;27.10;28.33
52.70;26.50;27.10;28.33
52.70;26.50;27.10;28.35
52.70;26.50;27.10;28.35
52.70;26.50;27.10;28.33
52.70;26.50;27.10;28.35
52.60;26.50;27.10;28.35
52.50;26.50;27.10;28.35
52.60;26.60;27.10;28.35
52.50;26.50;27.10;28.35
52.60;26.60;27.10;28.37
52.70;26.60;27.10;28.37
52.70;26.60;27.10;28.35
52.80;26.60;27.10;28.37
52.70;26.60;27.10;28.39
52.80;26.60;27.10;28.39
52.80;26.60;27.10;28.39
52.80;26.60;27.10;28.39
52.80;26.60;27.10;28.37
52.80;26.60;27.10;28.39
52.70;26.60;27.20;28.37
52.70;26.60;27.10;28.39
52.70;26.60;27.10;28.41
52.70;26.60;27.20;28.41
52.70;26.60;27.20;28.41
52.70;26.60;27.20;28.41
52.80;26.60;27.20;28.41
52.70;26.60;27.20;28.41
52.70;26.60;27.20;28.41
52.70;26.60;27.20;28.41
52.60;26.60;27.20;28.41
52.60;26.60;27.20;28.43
52.60;26.60;27.20;28.43
52.70;26.60;27.20;28.45
52.60;26.60;27.20;28.43
52.60;26.60;27.20;28.45
52.70;26.70;27.20;28.45
52.60;26.70;27.20;28.45
52.60;26.60;27.20;28.45
52.60;26.60;27.20;28.43
52.60;26.60;27.20;28.45
52.70;26.70;27.20;28.45
52.70;26.70;27.20;28.45
52.80;26.70;27.20;28.45
52.80;26.70;27.20;28.45
52.80;26.70;27.20;28.47
52.80;26.70;27.20;28.45
52.80;26.70;27.20;28.51
52.70;26.70;27.20;28.47
52.70;26.70;27.20;28.47
52.70;26.70;27.30;28.49
52.70;26.70;27.20;28.49
52.70;26.70;27.30;28.51
52.70;26.70;27.30;28.47
52.70;26.70;27.30;28.51
52.70;26.70;27.30;28.51
52.50;26.70;27.30;28.49
52.30;26.70;27.30;28.55
52.20;26.70;27.30;28.49
52.10;26.70;27.30;28.55
52.30;26.70;27.30;28.47
52.40;26.70;27.30;28.51
52.40;26.70;27.30;28.55
52.50;26.70;27.30;28.51
52.50;26.70;27.30;28.51
52.40;26.70;27.30;28.55
52.30;26.70;27.30;28.55
52.40;26.70;27.30;28.55
52.50;26.70;27.30;28.55
52.60;26.70;27.30;28.55
52.60;26.70;27.30;28.55
52.50;26.70;27.30;28.57
52.50;26.70;27.30;28.55
52.40;26.70;27.30;28.55
52.30;26.70;27.30;28.59
52.40;26.80;27.30;28.57
52.40;26.80;27.30;28.55
52.40;26.80;27.30;28.57
52.40;26.80;27.30;28.57
52.50;26.80;27.30;28.57
52.50;26.80;27.30;28.59
52.50;26.80;27.30;28.61
52.50;26.80;27.40;28.59
52.60;26.80;27.40;28.59
52.60;26.80;27.40;28.57
52.60;26.80;27.40;28.61
52.60;26.80;27.40;28.61
52.60;26.80;27.40;28.59
52.70;26.80;27.40;28.61
52.70;26.80;27.40;28.61
52.70;26.80;27.40;28.63
52.80;26.80;27.40;28.61
52.70;26.80;27.40;28.61
52.70;26.80;27.40;28.63
52.70;26.80;27.40;28.65
52.70;26.80;27.40;28.59
52.60;26.80;27.40;28.65
52.60;26.80;27.40;28.63
52.50;26.80;27.40;28.67
52.50;26.90;27.40;28.63
52.50;26.80;27.40;28.67
52.40;26.80;27.40;28.65
52.50;26.80;27.40;28.65
52.40;26.80;27.40;28.65
52.40;26.80;27.40;28.65
52.40;26.80;27.40;28.65
52.60;26.90;27.40;28.65
52.60;26.90;27.40;28.65
52.60;26.80;27.40;28.65
52.60;26.90;27.40;28.67
52.60;26.90;27.50;28.67
52.60;26.90;27.50;28.67
52.60;26.90;27.50;28.67
52.50;26.90;27.50;28.69
52.50;26.90;27.50;28.69
52.60;26.90;27.50;28.67
52.50;26.90;27.50;28.67
52.50;26.90;27.50;28.71
52.50;26.90;27.50;28.71
52.50;26.90;27.50;28.69
52.50;26.90;27.50;28.71
52.50;26.90;27.50;28.71
52.50;26.90;27.50;28.71
52.50;26.90;27.50;28.71
52.50;26.90;27.50;28.69
52.50;26.90;27.50;28.71
52.50;26.90;27.50;28.73
52.50;26.90;27.50;28.71
52.50;26.90;27.50;28.71
52.50;26.90;27.50;28.71
52.50;26.90;27.50;28.73
52.40;26.90;27.50;28.73
52.50;26.90;27.50;28.73
52.50;26.90;27.50;28.73
52.50;26.90;27.50;28.73
52.50;26.90;27.60;28.75
52.50;26.90;27.50;28.73
52.50;26.90;27.50;28.75
52.50;26.90;27.50;28.79
52.50;26.90;27.60;28.75
52.50;26.90;27.60;28.75
52.40;26.90;27.60;28.75
52.50;26.90;27.60;28.75
52.40;26.90;27.60;28.75
52.40;26.90;27.60;28.79
52.50;26.90;27.60;28.81
52.50;27.00;27.60;28.75
52.40;26.90;27.60;28.81
52.50;27.00;27.60;28.81
52.40;27.00;27.60;28.79
52.50;27.00;27.60;28.79
52.50;26.90;27.60;28.79
52.50;27.00;27.60;28.81
52.50;27.00;27.60;28.81
52.50;27.00;27.60;28.81
52.40;27.00;27.60;28.81
52.40;27.00;27.60;28.83
52.50;27.00;27.60;28.81
52.50;27.00;27.60;28.81
52.40;27.00;27.60;28.81
52.40;27.00;27.60;28.83
52.40;27.00;27.60;28.81
52.40;27.00;27.60;28.85
52.40;27.00;27.60;28.85
52.40;27.00;27.60;28.87
52.40;27.00;27.60;28.87
52.30;27.00;27.60;28.85
52.40;27.00;27.60;28.85
52.40;27.00;27.70;28.85
52.30;27.00;27.60;28.85
52.30;27.00;27.60;28.85
52.40;27.00;27.60;28.85
52.40;27.00;27.70;28.87
52.30;27.00;27.70;28.87
52.30;27.00;27.70;28.87
52.30;27.00;27.70;28.89
52.40;27.00;27.70;28.87
52.30;27.00;27.70;28.87
52.40;27.10;27.70;28.89
52.40;27.10;27.70;28.87
52.40;27.10;27.70;28.87
52.40;27.10;27.70;28.87
52.40;27.10;27.70;28.87
52.30;27.10;27.70;28.89
52.30;27.10;27.70;28.91
52.30;27.10;27.70;28.89
52.40;27.10;27.70;28.89
52.40;27.10;27.70;28.89
52.40;27.10;27.70;28.91
52.40;27.10;27.70;28.89
52.40;27.10;27.70;28.89
52.40;27.10;27.70;28.91
52.40;27.10;27.70;28.91
52.40;27.10;27.70;28.91
52.40;27.10;27.70;28.91
52.40;27.10;27.70;28.91
52.40;27.10;27.70;28.91
52.40;27.10;27.70;28.91
52.40;27.10;27.70;28.93
52.40;27.10;27.70;28.93
52.20;27.10;27.70;28.91
52.30;27.10;27.70;28.93
52.30;27.10;27.70;28.93
52.30;27.10;27.70;28.95
52.30;27.10;27.70;28.93
52.30;27.10;27.70;28.93
52.30;27.10;27.70;28.93
52.30;27.10;27.70;28.95
52.30;27.10;27.80;28.95
52.40;27.20;27.80;28.95
52.40;27.10;27.80;28.95
52.40;27.10;27.80;28.97
52.40;27.10;27.80;28.97
52.40;27.20;27.80;28.95
52.30;27.20;27.80;28.97
52.40;27.20;27.80;28.97
52.40;27.10;27.80;28.99
52.40;27.20;27.80;28.97
52.40;27.20;27.80;28.97
52.40;27.20;27.80;28.97
52.30;27.20;27.80;28.99
52.30;27.20;27.80;28.99
52.30;27.20;27.80;28.99
52.30;27.20;27.80;28.97
52.30;27.20;27.80;28.97
52.20;27.20;27.80;28.99
52.20;27.20;27.80;29.05
52.20;27.20;27.80;29.03
52.30;27.20;27.80;29.05
52.30;27.20;27.80;28.99
52.30;27.20;27.80;29.03
52.30;27.20;27.80;29.03
52.30;27.20;27.80;28.99
52.30;27.20;27.80;28.99
52.30;27.20;27.80;29.03
52.20;27.20;27.80;29.03
52.30;27.20;27.80;29.05
52.30;27.20;27.80;29.05
52.30;27.20;27.80;29.05
52.20;27.20;27.80;29.07
52.20;27.20;27.80;29.03
52.30;27.20;27.80;29.05
52.40;27.20;27.80;29.05
52.30;27.20;27.80;29.05
52.30;27.20;27.90;29.05
52.30;27.20;27.80;29.07
52.30;27.20;27.90;29.07
52.30;27.20;27.90;29.07
52.30;27.20;27.90;29.07
52.20;27.20;27.90;29.07
52.30;27.20;27.90;29.05
52.30;27.20;27.90;29.09
52.20;27.20;27.90;29.07
52.20;27.20;27.90;29.05
52.30;27.30;27.90;29.07
52.10;27.20;27.90;29.07
52.10;27.20;27.90;29.09
52.10;27.20;27.90;29.09
52.10;27.20;27.90;29.07
52.10;27.20;27.90;29.07
52.20;27.30;27.90;29.09
52.30;27.30;27.90;29.09
52.30;27.30;27.90;29.09
52.20;27.20;27.90;29.09
52.30;27.30;27.90;29.09
52.30;27.30;27.90;29.11
52.40;27.30;27.90;29.13
52.50;27.20;27.90;29.13
52.70;27.30;27.90;29.13
52.60;27.30;27.90;29.11
52.60;27.30;27.90;29.13
52.50;27.30;27.90;29.11
52.30;27.30;27.90;29.15
52.20;27.30;27.90;29.13
52.00;27.30;27.90;29.11
52.10;27.30;28.00;29.15
52.00;27.30;28.00;29.13
52.00;27.30;28.00;29.13
52.10;27.30;28.00;29.15
52.20;27.30;28.00;29.13
52.20;27.30;28.00;29.17
52.20;27.30;28.00;29.15
52.30;27.30;28.00;29.17
52.30;27.30;28.00;29.15
52.40;27.30;28.00;29.17
52.40;27.30;28.00;29.15
52.60;27.30;28.00;29.17
52.60;27.30;28.00;29.17
52.60;27.30;28.00;29.15
52.60;27.30;28.00;29.15
52.60;27.30;28.00;29.17
52.40;27.30;28.00;29.19
52.20;27.30;28.00;29.17
52.10;27.30;28.00;29.17
52.10;27.30;28.00;29.17
52.20;27.40;28.00;29.19
52.20;27.40;28.00;29.17
52.00;27.30;28.00;29.19
51.90;27.30;28.00;29.17
51.90;27.40;28.00;29.17
51.90;27.40;28.00;29.17
51.70;27.40;28.00;29.17
51.80;27.40;28.00;29.17
51.90;27.40;28.00;29.21
51.80;27.30;28.00;29.19
51.90;27.40;28.00;29.21
52.00;27.40;28.00;29.21
52.00;27.30;28.00;29.21
52.20;27.40;28.00;29.21
52.30;27.40;28.00;29.25
52.50;27.40;28.00;29.21
52.60;27.40;28.00;29.21
52.70;27.40;28.00;29.25
52.80;27.40;28.10;29.25
52.90;27.40;28.10;29.25
52.90;27.40;28.10;29.25
52.90;27.40;28.10;29.27
52.70;27.40;28.10;29.27
52.60;27.40;28.10;29.27
52.30;27.40;28.10;29.27
52.10;27.40;28.10;29.25
51.80;27.40;28.10;29.27
51.80;27.40;28.10;29.27
51.80;27.40;28.10;29.27
51.80;27.40;28.10;29.25
51.70;27.40;28.10;29.25
51.80;27.40;28.10;29.27
51.80;27.40;28.10;29.25
51.90;27.40;28.10;29.25
52.00;27.40;28.10;29.25
51.80;27.40;28.10;29.29
52.00;27.50;28.10;29.25
52.00;27.50;28.10;29.29
51.90;27.40;28.10;29.27
51.90;27.50;28.10;29.31
51.80;27.50;28.10;29.29
51.80;27.40;28.10;29.31
51.50;27.40;28.10;29.29
51.60;27.50;28.10;29.27
50.20;27.50;28.10;29.27
49.60;27.50;28.10;29.29
49.10;27.50;28.10;29.27
48.70;27.50;28.10;29.29
47.90;27.50;28.10;29.27
47.60;27.50;28.10;29.27
47.10;27.50;28.10;29.29
47.00;27.50;28.10;29.25
47.10;27.50;28.10;29.27
47.00;27.50;28.10;29.25
46.90;27.50;28.10;29.25
46.90;27.50;28.10;29.27
47.00;27.50;28.10;29.27
47.10;27.50;28.10;29.27
47.10;27.50;28.10;29.27
47.30;27.50;28.10;29.27
47.40;27.50;28.10;29.25
47.70;27.50;28.10;29.21
48.00;27.50;28.10;29.27
48.20;27.40;28.10;29.25
48.40;27.50;28.10;29.25
48.50;27.50;28.10;29.25
48.70;27.50;28.10;29.21
48.70;27.50;28.10;29.21
48.60;27.50;28.10;29.21
48.50;27.50;28.10;29.25
48.60;27.50;28.10;29.21
48.70;27.50;28.10;29.19
48.90;27.50;28.10;29.21
49.00;27.50;28.10;29.25
49.20;27.50;28.10;29.25
49.30;27.50;28.10;29.21
49.40;27.50;28.20;29.25
49.50;27.50;28.10;29.21
49.60;27.50;28.20;29.25
49.60;27.50;28.10;29.25
49.70;27.50;28.20;29.25
49.70;27.50;28.20;29.21
49.70;27.50;28.10;29.25
49.70;27.50;28.20;29.25
49.70;27.50;28.20;29.25
49.80;27.50;28.20;29.25
50.00;27.50;28.20;29.21
50.00;27.50;28.20;29.21
50.10;27.50;28.20;29.27
50.20;27.50;28.20;29.27
50.20;27.50;28.20;29.25
50.30;27.50;28.20;29.25
50.30;27.50;28.20;29.25
50.40;27.50;28.20;29.27
50.40;27.50;28.20;29.25
50.40;27.50;28.20;29.27
50.40;27.50;28.20;29.25
50.40;27.50;28.20;29.25
50.40;27.50;28.20;29.25
50.40;27.50;28.20;29.25
50.40;27.50;28.20;29.25
50.50;27.50;28.20;29.27
50.50;27.50;28.20;29.25
50.50;27.50;28.20;29.25
50.50;27.50;28.20;29.27
50.50;27.50;28.20;29.31
50.60;27.50;28.20;29.27
50.60;27.50;28.20;29.29
50.60;27.50;28.20;29.27
50.60;27.50;28.20;29.29
50.70;27.50;28.20;29.27
50.60;27.50;28.20;29.27
50.60;27.50;28.20;29.27
50.60;27.50;28.20;29.29
50.60;27.50;28.20;29.29
50.40;27.50;28.20;29.29
50.40;27.50;28.20;29.29
50.40;27.50;28.30;29.29
50.30;27.50;28.30;29.29
50.30;27.50;28.30;29.31
50.30;27.50;28.30;29.27
50.50;27.50;28.30;29.29
50.50;27.50;28.30;29.31
50.70;27.50;28.30;29.31
50.50;27.50;28.30;29.31
50.60;27.60;28.30;29.29
50.70;27.60;28.30;29.31
50.70;27.50;28.30;29.31
50.70;27.50;28.30;29.33
50.80;27.60;28.30;29.33
50.70;27.50;28.30;29.29
50.70;27.60;28.30;29.33
50.70;27.60;28.30;29.35
50.50;27.60;28.30;29.31
50.50;27.60;28.30;29.29
50.50;27.50;28.30;29.33
50.50;27.50;28.30;29.31
50.50;27.60;28.30;29.35
50.50;27.50;28.30;29.33
50.70;27.60;28.30;29.33
50.70;27.60;28.30;29.33
50.60;27.60;28.30;29.35
50.70;27.60;28.30;29.33
50.70;27.60;28.30;29.35
50.70;27.60;28.30;29.35
50.70;27.60;28.30;29.37
50.60;27.60;28.30;29.35
50.50;27.60;28.30;29.35
50.60;27.60;28.40;29.33
50.60;27.60;28.40;29.35
50.70;27.60;28.40;29.37
50.80;27.60;28.40;29.35
50.80;27.60;28.40;29.37
50.90;27.60;28.40;29.35
50.90;27.60;28.40;29.37
50.90;27.60;28.40;29.35
50.90;27.60;28.40;29.39
50.90;27.60;28.40;29.37
50.80;27.60;28.40;29.39
50.80;27.60;28.40;29.35
50.90;27.60;28.40;29.37
50.90;27.60;28.40;29.37
51.00;27.60;28.40;29.37
51.00;27.60;28.40;29.35
51.10;27.60;28.40;29.37
51.00;27.60;28.40;29.37
51.00;27.60;28.40;29.41
51.10;27.60;28.40;29.39
51.10;27.60;28.40;29.37
51.10;27.60;28.40;29.39
51.10;27.60;28.40;29.41
51.10;27.60;28.40;29.39
51.10;27.60;28.40;29.41
51.20;27.60;28.40;29.43
51.20;27.70;28.40;29.41
51.30;27.70;28.40;29.41
51.20;27.60;28.40;29.41
51.20;27.70;28.40;29.43
51.20;27.70;28.40;29.43
51.20;27.70;28.40;29.43
51.30;27.70;28.40;29.43
51.10;27.60;28.40;29.43
51.30;27.70;28.50;29.43
51.20;27.70;28.40;29.43
51.20;27.70;28.40;29.45
51.20;27.70;28.50;29.43
51.20;27.70;28.50;29.45
51.10;27.70;28.50;29.43
51.10;27.70;28.50;29.43
51.10;27.70;28.50;29.43
51.20;27.70;28.50;29.45
51.20;27.70;28.50;29.49
51.10;27.70;28.50;29.45
51.10;27.70;28.50;29.45
51.20;27.70;28.50;29.45
51.20;27.70;28.50;29.45
51.20;27.70;28.50;29.49
51.10;27.70;28.50;29.45
51.00;27.70;28.50;29.49
51.00;27.70;28.50;29.49
51.00;27.70;28.50;29.49
51.00;27.70;28.50;29.49
51.00;27.70;28.50;29.49
50.80;27.70;28.50;29.45
50.80;27.70;28.50;29.49
50.70;27.70;28.50;29.51
50.80;27.70;28.50;29.49
50.80;27.70;28.50;29.49
50.80;27.70;28.50;29.49
50.80;27.70;28.50;29.51
50.90;27.70;28.50;29.51
51.00;27.70;28.50;29.51
51.00;27.70;28.50;29.51
51.20;27.70;28.50;29.51
51.20;27.70;28.50;29.51
51.20;27.70;28.50;29.51
51.30;27.70;28.50;29.51
51.50;27.80;28.50;29.53
51.30;27.70;28.50;29.53
51.30;27.70;28.50;29.53
51.40;27.70;28.50;29.53
51.40;27.70;28.60;29.55
51.40;27.80;28.60;29.53
51.50;27.70;28.60;29.53
51.60;27.70;28.60;29.53
51.50;27.80;28.60;29.57
51.30;27.70;28.60;29.55
51.30;27.80;28.60;29.55
51.30;27.70;28.60;29.55
51.20;27.80;28.60;29.55
51.10;27.80;28.60;29.55
51.20;27.80;28.60;29.55
51.20;27.80;28.60;29.57
51.00;27.70;28.60;29.55
51.20;27.80;28.60;29.59
51.30;27.80;28.60;29.57
51.30;27.80;28.60;29.55
51.30;27.80;28.60;29.59
51.20;27.80;28.60;29.55
51.10;27.80;28.60;29.57
51.20;27.80;28.60;29.59
51.30;27.80;28.60;29.57
51.40;27.80;28.60;29.57
51.50;27.80;28.60;29.55
51.50;27.80;28.60;29.57
51.40;27.80;28.60;29.55
51.40;27.80;28.60;29.59
51.40;27.80;28.60;29.59
51.40;27.80;28.60;29.57
51.40;27.80;28.60;29.59
51.40;27.80;28.60;29.59
51.40;27.80;28.60;29.61
51.40;27.80;28.60;29.59
51.50;27.80;28.60;29.59
51.50;27.80;28.60;29.59
51.50;27.80;28.60;29.61
51.50;27.80;28.70;29.61
51.60;27.80;28.70;29.61
51.60;27.80;28.60;29.61
51.60;27.80;28.70;29.61
51.60;27.80;28.60;29.61
51.60;27.80;28.70;29.61
51.50;27.80;28.70;29.65
51.50;27.80;28.70;29.61
51.50;27.80;28.70;29.63
51.60;27.80;28.70;29.61
51.50;27.80;28.70;29.63
51.40;27.80;28.70;29.61
51.40;27.80;28.70;29.61
51.50;27.80;28.70;29.63
51.40;27.80;28.70;29.63
51.40;27.80;28.70;29.67
51.30;27.80;28.70;29.65
51.30;27.80;28.70;29.65
51.40;27.80;28.70;29.63
51.30;27.80;28.70;29.63
51.30;27.80;28.70;29.65
51.30;27.80;28.70;29.65
51.30;27.80;28.70;29.65
51.20;27.80;28.70;29.65
51.20;27.80;28.70;29.67
51.20;27.80;28.70;29.65
51.30;27.80;28.70;29.67
51.20;27.90;28.70;29.65
51.10;27.90;28.70;29.67
51.10;27.90;28.70;29.67
51.10;27.80;28.70;29.69
51.20;27.80;28.70;29.65
51.30;27.80;28.70;29.65
51.30;27.90;28.80;29.67
51.30;27.90;28.70;29.69
51.30;27.80;28.70;29.67
51.40;27.90;28.70;29.69
51.40;27.90;28.80;29.65
51.40;27.90;28.80;29.67
51.30;27.90;28.80;29.67
51.20;27.80;28.80;29.67
51.30;27.90;28.80;29.69
51.30;27.80;28.80;29.69
51.20;27.80;28.80;29.69
51.20;27.90;28.80;29.69
51.10;27.90;28.80;29.73
51.10;27.90;28.80;29.69
51.20;27.90;28.80;29.69
51.30;27.90;28.80;29.75
51.40;27.90;28.80;29.69
51.40;27.90;28.80;29.69
51.40;27.90;28.80;29.69
51.50;27.90;28.80;29.75
51.50;27.90;28.80;29.69
51.50;27.90;28.80;29.73
51.60;27.90;28.80;29.73
51.60;27.90;28.80;29.75
51.60;27.90;28.80;29.73
51.40;27.90;28.80;29.73
51.40;27.90;28.80;29.75
51.30;27.90;28.80;29.73
51.30;27.90;28.80;29.73
51.30;27.90;28.80;29.75
51.20;27.90;28.80;29.75
51.20;27.90;28.80;29.75
51.20;27.90;28.80;29.73
51.30;27.90;28.80;29.75
51.30;27.90;28.80;29.77
51.30;27.90;28.80;29.75
51.30;27.90;28.80;29.77
51.30;27.90;28.90;29.77
51.30;27.90;28.80;29.75
51.30;27.90;28.80;29.79
51.30;28.00;28.80;29.77
51.40;28.00;28.80;29.75
51.40;28.00;28.90;29.77
51.30;28.00;28.90;29.77
51.20;27.90;28.90;29.77
51.30;28.00;28.90;29.75
51.30;28.00;28.90;29.77
51.30;27.90;28.90;29.79
51.40;28.00;28.90;29.77
51.30;28.00;28.90;29.75
51.40;28.00;28.90;29.79
51.40;28.00;28.90;29.75
51.30;28.00;28.90;29.77
51.30;28.00;28.90;29.79
51.30;28.00;28.90;29.79
51.30;28.00;28.90;29.79
51.30;28.00;28.90;29.77
51.30;28.00;28.90;29.81
51.30;28.00;28.90;29.79
51.30;28.00;28.90;29.81
51.30;28.00;28.90;29.79
51.30;28.00;28.90;29.79
51.30;28.00;28.90;29.79
51.20;28.00;28.90;29.77
51.20;28.00;28.90;29.79
51.30;28.00;28.90;29.81
51.10;28.00;28.90;29.81
51.10;28.00;28.90;29.79
51.20;28.00;28.90;29.81
51.20;28.00;28.90;29.81
51.20;28.00;28.90;29.81
51.20;28.00;28.90;29.81
51.30;28.00;28.90;29.83
51.20;28.00;28.90;29.83
51.30;28.00;28.90;29.81
51.20;28.00;28.90;29.81
51.30;28.00;28.90;29.83
51.20;28.00;28.90;29.85
51.30;28.00;29.00;29.81
51.20;28.00;28.90;29.85
51.30;28.00;28.90;29.85
51.30;28.00;29.00;29.83
51.30;28.00;28.90;29.83
51.30;28.00;29.00;29.83
51.30;28.00;29.00;29.83
51.30;28.00;29.00;29.85
51.30;28.00;29.00;29.87
51.30;28.00;29.00;29.85
51.30;28.00;29.00;29.87
51.20;28.00;29.00;29.85
51.30;28.00;29.00;29.85
51.30;28.10;29.00;29.81
51.20;28.00;29.00;29.85
51.20;28.00;29.00;29.85
51.30;28.10;29.00;29.85
51.20;28.10;29.00;29.87
51.30;28.10;29.00;29.85
51.30;28.10;29.00;29.89
51.10;28.00;29.00;29.85
51.10;28.10;29.00;29.83
51.00;28.10;29.00;29.85
51.00;28.10;29.00;29.87
50.90;28.00;29.00;29.87
51.00;28.10;29.00;29.87
51.10;28.10;29.00;29.87
51.00;28.10;29.00;29.89
51.00;28.10;29.00;29.87
51.10;28.10;29.00;29.87
51.20;28.10;29.00;29.89
51.20;28.10;29.00;29.89
51.20;28.10;29.00;29.85
51.10;28.10;29.00;29.87
51.00;28.10;29.00;29.87
51.00;28.10;29.00;29.91
51.10;28.10;29.00;29.87
51.10;28.10;29.00;29.85
51.20;28.10;29.00;29.89
51.20;28.10;29.00;29.87
51.20;28.10;29.00;29.89
51.10;28.10;29.00;29.89
51.00;28.10;29.00;29.91
51.10;28.10;29.00;29.89
51.10;28.10;29.00;29.91
51.10;28.10;29.00;29.89
51.20;28.10;29.00;29.91
51.20;28.10;29.00;29.89
51.20;28.10;29.00;29.91
51.30;28.10;29.00;29.91
51.30;28.10;29.00;29.93
51.40;28.10;29.00;29.91
51.40;28.10;29.10;29.91
51.30;28.10;29.10;29.93
51.30;28.10;29.10;29.93
51.40;28.10;29.10;29.89
51.40;28.10;29.10;29.91
51.40;28.10;29.10;29.93
51.30;28.10;29.10;29.93
51.30;28.10;29.10;29.93
51.30;28.10;29.10;29.93
51.20;28.10;29.10;29.97
51.20;28.10;29.10;29.91
51.20;28.10;29.10;29.91
51.20;28.10;29.10;29.93
51.20;28.10;29.10;29.97
51.20;28.10;29.10;29.97
51.20;28.10;29.10;29.97
51.20;28.10;29.10;29.93
51.20;28.10;29.10;29.93
51.20;28.10;29.10;29.93
51.20;28.10;29.10;29.93
51.20;28.10;29.10;29.97
51.10;28.10;29.10;29.91
51.20;28.10;29.10;29.93
51.20;28.10;29.10;29.93
51.20;28.10;29.10;29.99
51.10;28.10;29.10;29.99
51.10;28.10;29.10;29.99
51.10;28.10;29.10;29.97
51.10;28.20;29.10;29.97
51.10;28.10;29.10;29.99
51.10;28.10;29.10;29.97
51.10;28.20;29.10;29.97
51.10;28.20;29.10;29.97
51.10;28.20;29.10;29.97
51.00;28.10;29.10;29.99
50.90;28.20;29.10;29.97
50.90;28.20;29.10;29.99
50.80;28.20;29.10;30.01
50.90;28.20;29.10;29.99
50.90;28.10;29.10;30.01
51.00;28.20;29.10;29.99
51.10;28.20;29.10;29.97
51.10;28.20;29.10;29.99
51.00;28.20;29.10;29.99
51.10;28.20;29.10;29.99
51.10;28.20;29.10;29.99
51.10;28.20;29.10;30.01
51.00;28.20;29.10;29.99
51.00;28.20;29.10;30.03
51.00;28.20;29.10;29.99
51.10;28.20;29.10;30.01
51.10;28.20;29.20;30.01
51.10;28.20;29.10;30.01
51.10;28.20;29.20;29.99
51.20;28.20;29.20;30.01
51.20;28.20;29.10;30.01
51.10;28.20;29.20;30.01
51.10;28.20;29.20;30.01
51.10;28.20;29.20;30.01
51.20;28.20;29.20;30.03
51.20;28.20;29.20;30.01
51.30;28.20;29.20;30.01
51.50;28.20;29.20;30.03
51.30;28.20;29.20;30.03
51.00;28.20;29.20;30.01
51.00;28.20;29.20;30.03
51.10;28.20;29.20;30.03
51.10;28.20;29.20;30.05
51.20;28.20;29.20;30.03
51.20;28.20;29.20;30.03
51.30;28.20;29.20;30.03
51.30;28.20;29.20;30.05
51.30;28.20;29.20;30.03
51.30;28.20;29.20;30.05
51.30;28.20;29.20;30.05
51.30;28.20;29.20;30.05
51.30;28.20;29.20;30.05
51.40;28.20;29.20;30.05
51.40;28.20;29.20;30.07
51.30;28.20;29.20;30.07
51.30;28.20;29.20;30.05
51.30;28.20;29.20;30.05
51.20;28.20;29.20;30.03
51.20;28.20;29.20;30.03
51.30;28.30;29.20;30.07
51.20;28.20;29.20;30.05
51.20;28.30;29.20;30.07
51.20;28.30;29.20;30.07
51.10;28.20;29.20;30.05
51.30;28.30;29.20;30.07
51.20;28.30;29.20;30.07
51.10;28.20;29.20;30.09
51.20;28.30;29.20;30.09
51.20;28.30;29.20;30.09
51.20;28.30;29.20;30.09
51.30;28.30;29.20;30.07
51.40;28.30;29.20;30.07
51.30;28.30;29.30;30.09
51.30;28.30;29.30;30.09
51.20;28.30;29.30;30.09
51.20;28.30;29.30;30.09
51.10;28.30;29.30;30.09
51.20;28.30;29.30;30.09
51.20;28.30;29.30;30.11
51.20;28.30;29.30;30.09
51.30;28.30;29.30;30.11
51.30;28.30;29.30;30.09
51.20;28.30;29.30;30.11
51.20;28.30;29.30;30.11
51.20;28.30;29.30;30.09
51.20;28.30;29.30;30.11
51.10;28.30;29.30;30.11
51.10;28.30;29.30;30.11
51.10;28.30;29.30;30.11
51.20;28.30;29.30;30.11
51.20;28.30;29.30;30.13
51.30;28.30;29.30;30.13
51.20;28.30;29.30;30.13
50.90;28.30;29.30;30.13
50.80;28.30;29.30;30.13
50.90;28.30;29.30;30.15
51.10;28.30;29.30;30.11
51.20;28.30;29.30;30.13
51.20;28.30;29.30;30.11
51.10;28.30;29.30;30.13
51.20;28.30;29.30;30.15
51.20;28.30;29.30;30.11
51.20;28.30;29.30;30.13
51.20;28.30;29.30;30.13
51.20;28.30;29.30;30.11
51.20;28.30;29.30;30.15
51.20;28.30;29.30;30.13
51.10;28.30;29.30;30.13
50.90;28.30;29.30;30.13
50.80;28.30;29.30;30.15
50.90;28.30;29.30;30.15
50.90;28.30;29.30;30.13
50.90;28.30;29.30;30.13
50.90;28.30;29.30;30.19
51.00;28.30;29.30;30.15
51.10;28.40;29.30;30.19
51.10;28.40;29.30;30.21
51.00;28.40;29.30;30.15
50.10;28.40;29.30;30.19
49.80;28.40;29.30;30.15
49.50;28.40;29.30;30.15
49.00;28.40;29.30;30.15
48.50;28.40;29.30;30.13
48.20;28.40;29.30;30.15
48.00;28.40;29.30;30.19
47.90;28.30;29.30;30.15
47.90;28.30;29.30;30.19
48.00;28.40;29.30;30.15
48.20;28.40;29.30;30.13
48.40;28.40;29.40;30.13
48.40;28.40;29.30;30.15
48.60;28.40;29.30;30.15
48.60;28.40;29.40;30.15
48.70;28.40;29.40;30.15
48.80;28.40;29.40;30.13
48.90;28.40;29.40;30.15
49.00;28.40;29.30;30.15
49.10;28.40;29.40;30.19
49.20;28.40;29.40;30.13
49.30;28.40;29.40;30.15
49.30;28.40;29.40;30.15
49.30;28.40;29.40;30.15
49.40;28.40;29.40;30.19
49.40;28.40;29.40;30.15
49.40;28.40;29.40;30.19
49.50;28.40;29.40;30.15
49.60;28.40;29.40;30.15
49.60;28.40;29.40;30.15
49.50;28.40;29.40;30.19
49.50;28.40;29.40;30.15
49.60;28.40;29.40;30.19
49.60;28.40;29.40;30.15
49.60;28.40;29.40;30.15
49.60;28.40;29.40;30.15
49.50;28.40;29.40;30.19
49.50;28.40;29.40;30.19
49.60;28.40;29.40;30.19
49.60;28.40;29.40;30.19
49.50;28.40;29.40;30.19
49.50;28.40;29.40;30.21
49.60;28.40;29.40;30.21
49.60;28.40;29.40;30.19
49.60;28.40;29.40;30.19
49.60;28.40;29.40;30.15
49.70;28.40;29.40;30.19
49.70;28.40;29.40;30.19
49.70;28.40;29.40;30.19
49.70;28.40;29.40;30.19
49.80;28.40;29.40;30.19
49.80;28.40;29.40;30.19
49.80;28.40;29.40;30.19
49.80;28.40;29.40;30.19
49.80;28.40;29.40;30.19
49.80;28.40;29.40;30.19
49.80;28.40;29.40;30.21
49.80;28.40;29.40;30.23
49.80;28.40;29.40;30.21
49.80;28.40;29.40;30.21
49.80;28.40;29.40;30.21
49.90;28.50;29.40;30.19
49.90;28.40;29.40;30.19
49.80;28.40;29.40;30.19
49.80;28.50;29.40;30.21
49.80;28.50;29.40;30.19
49.80;28.50;29.40;30.19
49.90;28.50;29.40;30.23
49.90;28.50;29.40;30.23
49.80;28.50;29.40;30.21
49.80;28.40;29.40;30.19
49.80;28.50;29.40;30.23
49.80;28.50;29.40;30.21
49.70;28.40;29.40;30.21
49.70;28.40;29.40;30.21
49.70;28.40;29.40;30.23
49.80;28.50;29.40;30.23
49.90;28.50;29.40;30.21
49.80;28.50;29.40;30.25
49.90;28.50;29.40;30.25
49.90;28.50;29.40;30.23
49.90;28.50;29.40;30.23
49.90;28.50;29.40;30.25
49.90;28.50;29.50;30.25
50.00;28.50;29.40;30.25
49.80;28.40;29.50;30.25
49.90;28.50;29.50;30.25
49.90;28.50;29.50;30.25
49.90;28.50;29.50;30.23
49.90;28.50;29.50;30.23
49.90;28.50;29.50;30.25
49.90;28.50;29.50;30.23
50.00;28.50;29.50;30.27
50.00;28.50;29.50;30.27
50.00;28.50;29.50;30.23
50.00;28.50;29.50;30.25
50.00;28.50;29.50;30.25
50.00;28.50;29.50;30.25
50.10;28.50;29.50;30.27
50.10;28.50;29.50;30.27
50.00;28.50;29.50;30.25
50.20;28.50;29.50;30.29
50.20;28.50;29.50;30.27
50.10;28.50;29.50;30.27
50.10;28.50;29.50;30.27
50.10;28.50;29.50;30.29
50.00;28.50;29.50;30.27
50.00;28.50;29.50;30.27
50.00;28.50;29.50;30.27
50.00;28.50;29.50;30.27
50.10;28.50;29.50;30.29
50.00;28.50;29.50;30.29
50.00;28.50;29.50;30.27
50.00;28.50;29.50;30.29
50.00;28.50;29.50;30.29
50.00;28.50;29.50;30.25
50.00;28.50;29.50;30.27
50.00;28.50;29.50;30.27
50.00;28.50;29.50;30.29
50.10;28.60;29.50;30.29
50.00;28.50;29.50;30.29
50.00;28.50;29.50;30.29
50.00;28.60;29.50;30.27
49.90;28.50;29.50;30.29
49.90;28.60;29.50;30.29
49.90;28.60;29.50;30.29
50.00;28.60;29.50;30.29
50.00;28.60;29.50;30.27
50.00;28.60;29.50;30.33
50.00;28.60;29.50;30.31
50.00;28.50;29.50;30.29
50.00;28.60;29.50;30.29
50.00;28.60;29.50;30.29
50.10;28.60;29.50;30.31
50.10;28.60;29.50;30.31
50.10;28.50;29.50;30.31
50.10;28.60;29.50;30.33
50.10;28.60;29.50;30.31
50.10;28.60;29.50;30.29
50.00;28.60;29.50;30.33
50.00;28.60;29.50;30.31
50.10;28.60;29.50;30.31
50.10;28.60;29.50;30.33
50.10;28.60;29.50;30.29
50.10;28.60;29.60;30.29
50.10;28.60;29.60;30.33
50.10;28.60;29.50;30.33
50.10;28.60;29.50;30.31
50.20;28.60;29.60;30.35
50.10;28.60;29.60;30.35
50.10;28.60;29.60;30.33
50.10;28.60;29.60;30.35
50.10;28.60;29.60;30.33
50.10;28.60;29.60;30.33
50.10;28.60;29.60;30.35
50.10;28.60;29.60;30.31
50.10;28.60;29.60;30.33
50.10;28.60;29.60;30.33
50.10;28.60;29.60;30.35
50.00;28.60;29.60;30.35
50.00;28.60;29.60;30.35
50.10;28.60;29.60;30.33
50.10;28.60;29.60;30.35
50.10;28.60;29.60;30.35
50.10;28.60;29.60;30.33
50.10;28.60;29.60;30.35
50.10;28.60;29.60;30.35
50.20;28.60;29.60;30.35
50.20;28.60;29.60;30.35
50.20;28.60;29.60;30.35
50.10;28.60;29.60;30.35
50.00;28.60;29.60;30.35
50.10;28.60;29.60;30.33
50.10;28.60;29.60;30.35
50.10;28.60;29.60;30.37
50.10;28.60;29.60;30.37
50.10;28.60;29.60;30.37
50.10;28.60;29.60;30.39
50.10;28.60;29.60;30.35
50.10;28.60;29.60;30.35
50.10;28.60;29.60;30.39
50.10;28.60;29.60;30.37
50.10;28.60;29.60;30.39
50.20;28.60;29.60;30.37
50.10;28.60;29.60;30.37
50.00;28.60;29.60;30.37
50.10;28.60;29.60;30.37
50.10;28.60;29.60;30.39
50.10;28.60;29.60;30.37
50.10;28.60;29.60;30.39
50.10;28.60;29.60;30.39
50.20;28.70;29.60;30.37
50.10;28.60;29.60;30.43
50.10;28.60;29.70;30.39
50.20;28.70;29.60;30.37
50.10;28.60;29.60;30.39
50.10;28.60;29.60;30.39
50.20;28.70;29.70;30.39
50.10;28.60;29.70;30.43
50.20;28.60;29.60;30.39
50.20;28.70;29.70;30.37
50.20;28.60;29.70;30.39
50.20;28.60;29.70;30.39
50.30;28.70;29.70;30.45
50.20;28.70;29.70;30.45
50.20;28.60;29.70;30.45
50.10;28.60;29.70;30.45
50.20;28.70;29.70;30.39
50.20;28.70;29.70;30.45
50.20;28.70;29.70;30.43
50.30;28.70;29.70;30.45
50.20;28.70;29.70;30.43
50.30;28.70;29.70;30.45
50.30;28.60;29.70;30.43
50.20;28.60;29.70;30.43
50.20;28.70;29.70;30.45
50.20;28.70;29.70;30.43
50.20;28.70;29.70;30.45
50.10;28.70;29.70;30.43
50.20;28.70;29.70;30.45
50.20;28.70;29.70;30.45
50.20;28.70;29.70;30.47
50.30;28.70;29.70;30.45
50.30;28.70;29.70;30.47
50.20;28.70;29.70;30.45
50.20;28.70;29.70;30.45
50.20;28.70;29.70;30.45
50.20;28.70;29.70;30.47
50.20;28.70;29.70;30.47
50.10;28.70;29.70;30.43
50.20;28.70;29.70;30.49
50.20;28.70;29.70;30.45
50.20;28.70;29.70;30.47
50.20;28.70;29.70;30.49
50.20;28.70;29.70;30.45
50.20;28.70;29.70;30.47
50.10;28.70;29.70;30.49
50.20;28.70;29.70;30.47
50.20;28.70;29.70;30.49
50.20;28.70;29.70;30.47
50.10;28.70;29.70;30.47
50.10;28.70;29.70;30.47
50.10;28.70;29.70;30.47
50.10;28.70;29.70;30.47
50.10;28.70;29.70;30.47
50.10;28.80;29.70;30.49
50.10;28.70;29.70;30.47
50.10;28.70;29.70;30.49
50.10;28.70;29.70;30.49
50.20;28.80;29.70;30.49
50.20;28.80;29.70;30.49
50.20;28.70;29.70;30.49
50.30;28.80;29.70;30.49
50.30;28.80;29.80;30.49
50.20;28.80;29.70;30.49
50.10;28.70;29.80;30.51
50.20;28.80;29.80;30.49
50.30;28.80;29.80;30.53
50.30;28.80;29.80;30.49
50.20;28.80;29.80;30.53
50.20;28.80;29.80;30.49
50.20;28.80;29.80;30.51
50.20;28.80;29.80;30.51
50.30;28.80;29.80;30.51
50.30;28.80;29.80;30.51
50.30;28.80;29.80;30.53
50.20;28.80;29.80;30.51
50.10;28.70;29.80;30.53
50.30;28.80;29.80;30.51
50.30;28.80;29.80;30.53
50.30;28.80;29.80;30.51
50.30;28.80;29.80;30.51
50.20;28.80;29.80;30.53
50.20;28.80;29.80;30.53
50.20;28.80;29.80;30.55
50.20;28.80;29.80;30.53
50.30;28.80;29.80;30.55
50.30;28.80;29.80;30.55
50.30;28.80;29.80;30.53
50.20;28.80;29.80;30.53
50.20;28.80;29.80;30.53
50.10;28.80;29.80;30.53
50.10;28.80;29.80;30.53
50.10;28.80;29.80;30.55
50.10;28.80;29.80;30.53
50.10;28.80;29.80;30.53
50.10;28.80;29.80;30.55
50.10;28.80;29.80;30.55
50.10;28.80;29.80;30.55
50.00;28.80;29.80;30.53
50.00;28.80;29.80;30.53
50.00;28.80;29.80;30.57
50.00;28.80;29.80;30.55
50.00;28.80;29.80;30.53
50.00;28.80;29.80;30.57
50.10;28.80;29.80;30.57
50.10;28.80;29.80;30.59
50.10;28.80;29.80;30.55
50.00;28.80;29.80;30.57
50.10;28.80;29.80;30.57
50.10;28.80;29.80;30.57
50.10;28.90;29.80;30.55
50.10;28.90;29.80;30.57
50.00;28.80;29.80;30.57
50.00;28.80;29.80;30.57
50.00;28.90;29.80;30.59
50.00;28.90;29.80;30.59
49.90;28.80;29.80;30.57
50.00;28.90;29.80;30.57
50.00;28.90;29.80;30.55
50.00;28.80;29.80;30.59
49.90;28.80;29.80;30.59
50.00;28.90;29.80;30.57
50.00;28.90;29.80;30.59
50.10;28.90;29.80;30.57
50.00;28.80;29.90;30.57
49.90;28.80;29.90;30.57
49.90;28.80;29.80;30.57
49.80;28.80;29.90;30.59
50.00;28.90;29.90;30.59
50.10;28.90;29.80;30.59
50.20;28.90;29.90;30.57
50.10;28.80;29.80;30.57
50.20;28.90;29.90;30.57
50.20;28.90;29.90;30.59
50.20;28.90;29.90;30.61
50.10;28.80;29.90;30.59
50.20;28.90;29.90;30.59
50.00;28.80;29.90;30.61
50.20;28.90;29.90;30.61
50.10;28.90;29.90;30.61
50.10;28.90;29.90;30.61
50.10;28.90;29.90;30.61
50.10;28.90;29.90;30.61
50.10;28.90;29.90;30.63
50.10;28.90;29.90;30.61
50.10;28.90;29.90;30.61
50.00;28.90;29.90;30.61
50.00;28.90;29.90;30.61
50.00;28.90;29.90;30.59
50.00;28.90;29.90;30.63
50.00;28.90;29.90;30.61
50.00;28.90;29.90;30.63
50.00;28.90;29.90;30.61
49.90;28.90;29.90;30.63
50.00;28.90;29.90;30.59
50.00;28.90;29.90;30.63
49.90;28.90;29.90;30.63
49.90;28.90;29.90;30.63
49.90;28.90;29.90;30.61
49.80;28.90;29.90;30.63
49.80;28.90;29.90;30.63
49.90;28.90;29.90;30.61
49.90;28.90;29.90;30.67
49.90;28.90;29.90;30.63
49.80;28.90;29.90;30.63
49.80;28.90;29.90;30.63
49.70;28.90;29.90;30.61
49.70;28.90;29.90;30.63
49.60;28.90;29.90;30.63
49.60;28.90;29.90;30.63
49.70;28.90;29.90;30.63
49.70;28.90;29.90;30.63
49.70;28.90;29.90;30.63
49.70;28.90;29.90;30.63
49.70;28.90;29.90;30.63
49.70;28.90;29.90;30.67
49.70;28.90;29.90;30.63
49.60;28.90;29.90;30.61
49.70;28.90;29.90;30.63
49.70;28.90;29.90;30.63
49.70;28.90;29.90;30.63
49.70;28.90;29.90;30.63
49.70;28.90;29.90;30.63
49.80;29.00;29.90;30.63
49.80;29.00;29.90;30.69
49.80;29.00;30.00;30.67
49.80;29.00;29.90;30.67
49.80;28.90;29.90;30.67
49.80;28.90;30.00;30.67
49.80;28.90;29.90;30.69
49.70;28.90;29.90;30.67
49.70;28.90;30.00;30.69
49.70;28.90;29.90;30.67
49.80;28.90;29.90;30.63
49.80;29.00;30.00;30.69
49.80;29.00;30.00;30.63
49.80;29.00;30.00;30.67
49.80;28.90;30.00;30.67
49.80;29.00;30.00;30.67
49.80;29.00;30.00;30.67
49.90;29.00;30.00;30.67
49.90;29.00;30.00;30.69
49.90;29.00;30.00;30.69
49.80;29.00;30.00;30.69
49.80;29.00;30.00;30.67
49.80;29.00;30.00;30.69
49.80;29.00;30.00;30.69
49.80;29.00;30.00;30.71
49.80;29.00;30.00;30.67
49.90;29.00;30.00;30.71
49.80;29.00;30.00;30.71
49.90;29.00;30.00;30.69
49.80;29.00;30.00;30.71
49.80;29.00;30.00;30.71
49.90;29.00;30.00;30.69
49.90;29.00;30.00;30.69
49.80;29.00;30.00;30.69
49.80;29.00;30.00;30.71
49.70;29.00;30.00;30.69
49.60;29.00;30.00;30.71
49.60;29.00;30.00;30.71
49.60;29.00;30.00;30.71
49.60;29.00;30.00;30.71
49.70;29.00;30.00;30.69
49.70;29.00;30.00;30.69
49.80;29.00;30.00;30.73
49.80;29.00;30.00;30.71
49.80;29.00;30.00;30.71
49.80;29.00;30.00;30.69
49.80;29.00;30.00;30.71
49.70;29.00;30.00;30.71
49.60;29.00;30.00;30.71
49.60;29.00;30.00;30.73
49.70;29.00;30.00;30.71
49.60;29.00;30.00;30.71
49.70;29.00;30.00;30.75
49.70;29.00;30.00;30.69
49.70;29.00;30.00;30.71
49.70;29.00;30.00;30.71
49.70;29.00;30.00;30.73
49.70;29.10;30.00;30.71
49.60;29.00;30.00;30.71
49.60;29.00;30.00;30.73
49.60;29.00;30.00;30.71
49.60;29.00;30.00;30.73
49.70;29.00;30.00;30.73
49.70;29.10;30.00;30.73
49.60;29.00;30.00;30.75
49.80;29.10;30.00;30.73
49.60;29.00;30.00;30.73
49.80;29.10;30.00;30.73
49.80;29.10;30.00;30.75
49.70;29.00;30.00;30.73
49.80;29.10;30.00;30.75
49.70;29.00;30.00;30.73
49.60;29.00;30.00;30.75
49.70;29.10;30.00;30.73
49.70;29.00;30.00;30.73
49.80;29.10;30.00;30.73
49.80;29.10;30.00;30.73
49.80;29.10;30.00;30.75
49.70;29.10;30.10;30.75
49.70;29.00;30.10;30.75
49.80;29.10;30.00;30.75
49.80;29.00;30.10;30.73
49.90;29.10;30.00;30.75
49.80;29.00;30.10;30.75
49.80;29.00;30.00;30.77
49.90;29.10;30.10;30.77
49.80;29.10;30.10;30.75
49.80;29.10;30.10;30.73
49.80;29.10;30.10;30.77
49.80;29.10;30.10;30.75
49.80;29.10;30.10;30.77
49.80;29.10;30.10;30.77
49.70;29.00;30.10;30.79
49.80;29.10;30.10;30.77
49.70;29.10;30.10;30.75
49.60;29.10;30.10;30.77
49.60;29.10;30.10;30.77
49.50;29.10;30.10;30.77
49.40;29.10;30.10;30.77
48.80;29.10;30.10;30.75
48.50;29.10;30.10;30.75
48.80;29.10;30.10;30.77
49.10;29.10;30.10;30.75
49.50;29.10;30.10;30.77
49.70;29.10;30.10;30.77
49.60;29.10;30.10;30.79
49.40;29.10;30.10;30.77
49.40;29.10;30.10;30.75
49.60;29.10;30.10;30.77
49.60;29.10;30.10;30.77
49.40;29.10;30.10;30.77
49.40;29.10;30.10;30.77
49.40;29.10;30.10;30.77
49.60;29.10;30.10;30.77
49.80;29.10;30.10;30.77
49.60;29.10;30.10;30.77
49.50;29.10;30.10;30.77
49.10;29.10;30.10;30.77
49.00;29.10;30.10;30.77
48.80;29.10;30.10;30.79
48.90;29.10;30.10;30.79
49.00;29.10;30.10;30.77
49.20;29.10;30.10;30.77
49.40;29.10;30.10;30.79
49.50;29.20;30.10;30.79
49.20;29.10;30.10;30.79
49.20;29.20;30.10;30.79
49.30;29.20;30.10;30.77
49.20;29.10;30.10;30.77
49.20;29.20;30.10;30.79
49.00;29.10;30.10;30.81
48.70;29.20;30.10;30.77
48.70;29.20;30.10;30.79
48.60;29.20;30.10;30.81
48.60;29.10;30.10;30.79
48.80;29.20;30.10;30.79
49.00;29.10;30.10;30.79
49.00;29.10;30.10;30.79
49.20;29.20;30.10;30.81
49.10;29.10;30.10;30.79
49.40;29.10;30.10;30.77
49.70;29.20;30.10;30.79
49.60;29.20;30.10;30.81
49.60;29.20;30.10;30.81
49.80;29.20;30.10;30.79
49.70;29.20;30.10;30.79
49.80;29.20;30.20;30.81
49.90;29.20;30.20;30.81
49.90;29.20;30.20;30.79
49.90;29.20;30.20;30.81
49.50;29.20;30.20;30.83
49.20;29.20;30.20;30.83
49.10;29.20;30.20;30.81
48.90;29.20;30.20;30.81
49.00;29.20;30.20;30.81
49.10;29.20;30.20;30.81
49.30;29.20;30.20;30.81
49.30;29.20;30.20;30.81
49.40;29.20;30.20;30.81
49.60;29.20;30.20;30.81
49.80;29.20;30.20;30.79
49.90;29.20;30.20;30.81
49.80;29.20;30.20;30.83
49.80;29.20;30.20;30.85
49.90;29.20;30.20;30.85
49.90;29.20;30.20;30.83
49.80;29.20;30.20;30.81
49.90;29.20;30.20;30.83
49.90;29.20;30.20;30.83
49.90;29.20;30.20;30.85
50.00;29.20;30.20;30.85
49.90;29.20;30.20;30.85
49.80;29.20;30.20;30.85
49.80;29.20;30.20;30.83
49.80;29.20;30.20;30.81
49.70;29.20;30.20;30.85
49.70;29.20;30.20;30.85
49.70;29.20;30.20;30.83
49.80;29.20;30.20;30.85
49.80;29.20;30.20;30.85
49.90;29.20;30.20;30.85
49.90;29.20;30.20;30.85
49.90;29.20;30.20;30.87
49.90;29.20;30.20;30.87
49.90;29.20;30.20;30.87
49.90;29.20;30.20;30.87
50.00;29.20;30.20;30.91
50.00;29.20;30.20;30.87
50.00;29.20;30.20;30.87
49.90;29.20;30.20;30.87
50.00;29.20;30.20;30.91
49.90;29.20;30.20;30.91
50.00;29.20;30.20;30.85
49.90;29.20;30.20;30.87
49.80;29.20;30.20;30.87
49.80;29.20;30.20;30.87
49.80;29.20;30.20;30.87
49.80;29.20;30.20;30.87
49.80;29.20;30.20;30.91
49.80;29.20;30.20;30.91
49.90;29.30;30.20;30.91
49.90;29.20;30.20;30.91
49.90;29.20;30.20;30.91
49.80;29.20;30.20;30.91
49.80;29.20;30.20;30.91
49.90;29.20;30.20;30.91
49.90;29.20;30.20;30.93
49.90;29.30;30.20;30.91
49.90;29.30;30.20;30.91
49.90;29.30;30.20;30.87
